config_name,model_name,backend,data_type,attn_mask,batch_size,q_seqlen,kv_seqlen,num_q_heads,num_kv_heads,head_dim_qk,head_dim_vo,profile_pass,deterministic_bwd,time_ms,tflops,max_diff,num_iterations,sliding_window_size,success,skipped,error_message,gpu_name,cudnn_version,cudnn_backend_version,peak_mma_tflops
llama3.1,llama3.1,cudnn,bfloat16,top_left,2,32768,32768,64,8,128,128,fwd,False,90.646,388.000,0.000,10,,True,False,,NVIDIA RTX PRO 6000 Blackwell Server Edition,1.27.0,92700.000,446.000
llama3.1,llama3.1,cudnn,bfloat16,top_left,2,32768,32768,64,8,128,128,bwd,False,329.587,267.000,0.000,10,,True,False,,NVIDIA RTX PRO 6000 Blackwell Server Edition,1.27.0,92700.000,466.500
llama3.1,llama3.1,cudnn,bfloat16,top_left,2,32768,32768,64,8,128,128,bwd,True,inf,0.000,0.000,10,,False,False,Benchmark failed with return code 1.,,,,
llama3.1,llama3.1,cudnn,bfloat16,no_mask,2,32768,32768,64,8,128,128,fwd,False,181.404,388.000,0.000,10,,True,False,,NVIDIA RTX PRO 6000 Blackwell Server Edition,1.27.0,92700.000,466.500
llama3.1,llama3.1,cudnn,bfloat16,no_mask,2,32768,32768,64,8,128,128,bwd,False,587.943,299.000,0.000,10,,True,False,,NVIDIA RTX PRO 6000 Blackwell Server Edition,1.27.0,92700.000,466.500
llama3.1,llama3.1,cudnn,bfloat16,no_mask,2,32768,32768,64,8,128,128,bwd,True,inf,0.000,0.000,10,,False,False,Benchmark failed with return code 1.,,,,
llama3.1,llama3.1,cudnn,fp8,top_left,2,32768,32768,64,8,128,128,fwd,False,62.434,564.000,0.000,10,,True,False,,NVIDIA RTX PRO 6000 Blackwell Server Edition,1.27.0,92700.000,932.500
llama3.1,llama3.1,cudnn,fp8,top_left,2,32768,32768,64,8,128,128,bwd,False,inf,0.000,0.000,10,,False,False,Benchmark failed with return code 1.,,,,
llama3.1,llama3.1,cudnn,fp8,top_left,2,32768,32768,64,8,128,128,bwd,True,inf,0.000,0.000,10,,False,False,Benchmark failed with return code 1.,,,,
llama3.1,llama3.1,cudnn,fp8,no_mask,2,32768,32768,64,8,128,128,fwd,False,119.257,590.000,0.000,10,,True,False,,NVIDIA RTX PRO 6000 Blackwell Server Edition,1.27.0,92700.000,932.500
llama3.1,llama3.1,cudnn,fp8,no_mask,2,32768,32768,64,8,128,128,bwd,False,inf,0.000,0.000,10,,False,False,Benchmark failed with return code 1.,,,,
llama3.1,llama3.1,cudnn,fp8,no_mask,2,32768,32768,64,8,128,128,bwd,True,inf,0.000,0.000,10,,False,False,Benchmark failed with return code 1.,,,,
llama3.1,llama3.1,cudnn,mxfp8,top_left,2,32768,32768,64,8,128,128,fwd,False,inf,0.000,0.000,10,,False,False,Benchmark failed with return code 1.,,,,
llama3.1,llama3.1,cudnn,mxfp8,top_left,2,32768,32768,64,8,128,128,bwd,False,inf,0.000,0.000,10,,False,False,Benchmark failed with return code 1.,,,,
llama3.1,llama3.1,cudnn,mxfp8,top_left,2,32768,32768,64,8,128,128,bwd,True,inf,0.000,0.000,10,,False,False,Benchmark failed with return code 1.,,,,
llama3.1,llama3.1,cudnn,mxfp8,no_mask,2,32768,32768,64,8,128,128,fwd,False,inf,0.000,0.000,10,,False,False,Benchmark failed with return code 1.,,,,
llama3.1,llama3.1,cudnn,mxfp8,no_mask,2,32768,32768,64,8,128,128,bwd,False,inf,0.000,0.000,10,,False,False,Benchmark failed with return code 1.,,,,
llama3.1,llama3.1,cudnn,mxfp8,no_mask,2,32768,32768,64,8,128,128,bwd,True,inf,0.000,0.000,10,,False,False,Benchmark failed with return code 1.,,,,
llama3.1,llama3.1,cudnn,bfloat16,top_left,2,16384,16384,64,8,128,128,fwd,False,22.341,394.000,0.000,10,,True,False,,NVIDIA RTX PRO 6000 Blackwell Server Edition,1.27.0,92700.000,466.500
llama3.1,llama3.1,cudnn,bfloat16,top_left,2,16384,16384,64,8,128,128,bwd,False,83.233,264.000,0.000,10,,True,False,,NVIDIA RTX PRO 6000 Blackwell Server Edition,1.27.0,92700.000,466.500
llama3.1,llama3.1,cudnn,bfloat16,top_left,2,16384,16384,64,8,128,128,bwd,True,inf,0.000,0.000,10,,False,False,Benchmark failed with return code 1.,,,,
llama3.1,llama3.1,cudnn,bfloat16,no_mask,2,16384,16384,64,8,128,128,fwd,False,44.602,394.000,0.000,10,,True,False,,NVIDIA RTX PRO 6000 Blackwell Server Edition,1.27.0,92700.000,466.500
llama3.1,llama3.1,cudnn,bfloat16,no_mask,2,16384,16384,64,8,128,128,bwd,False,147.995,297.000,0.000,10,,True,False,,NVIDIA RTX PRO 6000 Blackwell Server Edition,1.27.0,92700.000,466.500
llama3.1,llama3.1,cudnn,bfloat16,no_mask,2,16384,16384,64,8,128,128,bwd,True,inf,0.000,0.000,10,,False,False,Benchmark failed with return code 1.,,,,
llama3.1,llama3.1,cudnn,fp8,top_left,2,16384,16384,64,8,128,128,fwd,False,15.340,573.000,0.000,10,,True,False,,NVIDIA RTX PRO 6000 Blackwell Server Edition,1.27.0,92700.000,932.500
llama3.1,llama3.1,cudnn,fp8,top_left,2,16384,16384,64,8,128,128,bwd,False,inf,0.000,0.000,10,,False,False,Benchmark failed with return code 1.,,,,
llama3.1,llama3.1,cudnn,fp8,top_left,2,16384,16384,64,8,128,128,bwd,True,inf,0.000,0.000,10,,False,False,Benchmark failed with return code 1.,,,,
llama3.1,llama3.1,cudnn,fp8,no_mask,2,16384,16384,64,8,128,128,fwd,False,29.320,600.000,0.000,10,,True,False,,NVIDIA RTX PRO 6000 Blackwell Server Edition,1.27.0,92700.000,932.500
llama3.1,llama3.1,cudnn,fp8,no_mask,2,16384,16384,64,8,128,128,bwd,False,inf,0.000,0.000,10,,False,False,Benchmark failed with return code 1.,,,,
llama3.1,llama3.1,cudnn,fp8,no_mask,2,16384,16384,64,8,128,128,bwd,True,inf,0.000,0.000,10,,False,False,Benchmark failed with return code 1.,,,,
llama3.1,llama3.1,cudnn,mxfp8,top_left,2,16384,16384,64,8,128,128,fwd,False,inf,0.000,0.000,10,,False,False,Benchmark failed with return code 1.,,,,
llama3.1,llama3.1,cudnn,mxfp8,top_left,2,16384,16384,64,8,128,128,bwd,False,inf,0.000,0.000,10,,False,False,Benchmark failed with return code 1.,,,,
llama3.1,llama3.1,cudnn,mxfp8,top_left,2,16384,16384,64,8,128,128,bwd,True,inf,0.000,0.000,10,,False,False,Benchmark failed with return code 1.,,,,
llama3.1,llama3.1,cudnn,mxfp8,no_mask,2,16384,16384,64,8,128,128,fwd,False,inf,0.000,0.000,10,,False,False,Benchmark failed with return code 1.,,,,
llama3.1,llama3.1,cudnn,mxfp8,no_mask,2,16384,16384,64,8,128,128,bwd,False,inf,0.000,0.000,10,,False,False,Benchmark failed with return code 1.,,,,
llama3.1,llama3.1,cudnn,mxfp8,no_mask,2,16384,16384,64,8,128,128,bwd,True,inf,0.000,0.000,10,,False,False,Benchmark failed with return code 1.,,,,
llama3.1,llama3.1,cudnn,bfloat16,top_left,2,8192,8192,64,8,128,128,fwd,False,5.575,394.000,0.000,10,,True,False,,NVIDIA RTX PRO 6000 Blackwell Server Edition,1.27.0,92700.000,466.500
llama3.1,llama3.1,cudnn,bfloat16,top_left,2,8192,8192,64,8,128,128,bwd,False,21.795,252.000,0.000,10,,True,False,,NVIDIA RTX PRO 6000 Blackwell Server Edition,1.27.0,92700.000,466.500
llama3.1,llama3.1,cudnn,bfloat16,top_left,2,8192,8192,64,8,128,128,bwd,True,20.777,265.000,0.000,10,,True,False,,NVIDIA RTX PRO 6000 Blackwell Server Edition,1.27.0,92700.000,466.500
llama3.1,llama3.1,cudnn,bfloat16,no_mask,2,8192,8192,64,8,128,128,fwd,False,10.762,409.000,0.000,10,,True,False,,NVIDIA RTX PRO 6000 Blackwell Server Edition,1.27.0,92700.000,466.500
llama3.1,llama3.1,cudnn,bfloat16,no_mask,2,8192,8192,64,8,128,128,bwd,False,37.622,292.000,0.000,10,,True,False,,NVIDIA RTX PRO 6000 Blackwell Server Edition,1.27.0,92700.000,466.500
llama3.1,llama3.1,cudnn,bfloat16,no_mask,2,8192,8192,64,8,128,128,bwd,True,42.323,260.000,0.000,10,,True,False,,NVIDIA RTX PRO 6000 Blackwell Server Edition,1.27.0,92700.000,466.500
llama3.1,llama3.1,cudnn,fp8,top_left,2,8192,8192,64,8,128,128,fwd,False,4.013,548.000,0.000,10,,True,False,,NVIDIA RTX PRO 6000 Blackwell Server Edition,1.27.0,92700.000,932.500
llama3.1,llama3.1,cudnn,fp8,top_left,2,8192,8192,64,8,128,128,bwd,False,inf,0.000,0.000,10,,False,False,Benchmark failed with return code 1.,,,,
llama3.1,llama3.1,cudnn,fp8,top_left,2,8192,8192,64,8,128,128,bwd,True,inf,0.000,0.000,10,,False,False,Benchmark failed with return code 1.,,,,
llama3.1,llama3.1,cudnn,fp8,no_mask,2,8192,8192,64,8,128,128,fwd,False,7.174,613.000,0.000,10,,True,False,,NVIDIA RTX PRO 6000 Blackwell Server Edition,1.27.0,92700.000,932.500
llama3.1,llama3.1,cudnn,fp8,no_mask,2,8192,8192,64,8,128,128,bwd,False,inf,0.000,0.000,10,,False,False,Benchmark failed with return code 1.,,,,
llama3.1,llama3.1,cudnn,fp8,no_mask,2,8192,8192,64,8,128,128,bwd,True,inf,0.000,0.000,10,,False,False,Benchmark failed with return code 1.,,,,
llama3.1,llama3.1,cudnn,mxfp8,top_left,2,8192,8192,64,8,128,128,fwd,False,inf,0.000,0.000,10,,False,False,Benchmark failed with return code 1.,,,,
llama3.1,llama3.1,cudnn,mxfp8,top_left,2,8192,8192,64,8,128,128,bwd,False,inf,0.000,0.000,10,,False,False,Benchmark failed with return code 1.,,,,
llama3.1,llama3.1,cudnn,mxfp8,top_left,2,8192,8192,64,8,128,128,bwd,True,inf,0.000,0.000,10,,False,False,Benchmark failed with return code 1.,,,,
llama3.1,llama3.1,cudnn,mxfp8,no_mask,2,8192,8192,64,8,128,128,fwd,False,inf,0.000,0.000,10,,False,False,Benchmark failed with return code 1.,,,,
llama3.1,llama3.1,cudnn,mxfp8,no_mask,2,8192,8192,64,8,128,128,bwd,False,inf,0.000,0.000,10,,False,False,Benchmark failed with return code 1.,,,,
llama3.1,llama3.1,cudnn,mxfp8,no_mask,2,8192,8192,64,8,128,128,bwd,True,inf,0.000,0.000,10,,False,False,Benchmark failed with return code 1.,,,,
llama3.1,llama3.1,cudnn,bfloat16,top_left,2,4096,4096,64,8,128,128,fwd,False,1.513,364.000,0.000,10,,True,False,,NVIDIA RTX PRO 6000 Blackwell Server Edition,1.27.0,92700.000,440.500
llama3.1,llama3.1,cudnn,bfloat16,top_left,2,4096,4096,64,8,128,128,bwd,False,6.047,227.000,0.000,10,,True,False,,NVIDIA RTX PRO 6000 Blackwell Server Edition,1.27.0,92700.000,440.500
llama3.1,llama3.1,cudnn,bfloat16,top_left,2,4096,4096,64,8,128,128,bwd,True,5.641,244.000,0.000,10,,True,False,,NVIDIA RTX PRO 6000 Blackwell Server Edition,1.27.0,92700.000,440.500
llama3.1,llama3.1,cudnn,bfloat16,no_mask,2,4096,4096,64,8,128,128,fwd,False,2.751,400.000,0.000,10,,True,False,,NVIDIA RTX PRO 6000 Blackwell Server Edition,1.27.0,92700.000,440.500
llama3.1,llama3.1,cudnn,bfloat16,no_mask,2,4096,4096,64,8,128,128,bwd,False,9.986,275.000,0.000,10,,True,False,,NVIDIA RTX PRO 6000 Blackwell Server Edition,1.27.0,92700.000,442.000
llama3.1,llama3.1,cudnn,bfloat16,no_mask,2,4096,4096,64,8,128,128,bwd,True,10.749,256.000,0.000,10,,True,False,,NVIDIA RTX PRO 6000 Blackwell Server Edition,1.27.0,92700.000,453.500
llama3.1,llama3.1,cudnn,fp8,top_left,2,4096,4096,64,8,128,128,fwd,False,1.098,501.000,0.000,10,,True,False,,NVIDIA RTX PRO 6000 Blackwell Server Edition,1.27.0,92700.000,932.500
llama3.1,llama3.1,cudnn,fp8,top_left,2,4096,4096,64,8,128,128,bwd,False,inf,0.000,0.000,10,,False,False,Benchmark failed with return code 1.,,,,
llama3.1,llama3.1,cudnn,fp8,top_left,2,4096,4096,64,8,128,128,bwd,True,inf,0.000,0.000,10,,False,False,Benchmark failed with return code 1.,,,,
llama3.1,llama3.1,cudnn,fp8,no_mask,2,4096,4096,64,8,128,128,fwd,False,1.859,591.000,0.000,10,,True,False,,NVIDIA RTX PRO 6000 Blackwell Server Edition,1.27.0,92700.000,880.500
llama3.1,llama3.1,cudnn,fp8,no_mask,2,4096,4096,64,8,128,128,bwd,False,inf,0.000,0.000,10,,False,False,Benchmark failed with return code 1.,,,,
llama3.1,llama3.1,cudnn,fp8,no_mask,2,4096,4096,64,8,128,128,bwd,True,inf,0.000,0.000,10,,False,False,Benchmark failed with return code 1.,,,,
llama3.1,llama3.1,cudnn,mxfp8,top_left,2,4096,4096,64,8,128,128,fwd,False,inf,0.000,0.000,10,,False,False,Benchmark failed with return code 1.,,,,
llama3.1,llama3.1,cudnn,mxfp8,top_left,2,4096,4096,64,8,128,128,bwd,False,inf,0.000,0.000,10,,False,False,Benchmark failed with return code 1.,,,,
llama3.1,llama3.1,cudnn,mxfp8,top_left,2,4096,4096,64,8,128,128,bwd,True,inf,0.000,0.000,10,,False,False,Benchmark failed with return code 1.,,,,
llama3.1,llama3.1,cudnn,mxfp8,no_mask,2,4096,4096,64,8,128,128,fwd,False,inf,0.000,0.000,10,,False,False,Benchmark failed with return code 1.,,,,
llama3.1,llama3.1,cudnn,mxfp8,no_mask,2,4096,4096,64,8,128,128,bwd,False,inf,0.000,0.000,10,,False,False,Benchmark failed with return code 1.,,,,
llama3.1,llama3.1,cudnn,mxfp8,no_mask,2,4096,4096,64,8,128,128,bwd,True,inf,0.000,0.000,10,,False,False,Benchmark failed with return code 1.,,,,
llama3.1,llama3.1,cudnn,bfloat16,top_left,2,2048,2048,64,8,128,128,fwd,False,0.448,307.000,0.000,10,,True,False,,NVIDIA RTX PRO 6000 Blackwell Server Edition,1.27.0,92700.000,440.500
llama3.1,llama3.1,cudnn,bfloat16,top_left,2,2048,2048,64,8,128,128,bwd,False,1.837,187.000,0.000,10,,True,False,,NVIDIA RTX PRO 6000 Blackwell Server Edition,1.27.0,92700.000,440.500
llama3.1,llama3.1,cudnn,bfloat16,top_left,2,2048,2048,64,8,128,128,bwd,True,1.661,207.000,0.000,10,,True,False,,NVIDIA RTX PRO 6000 Blackwell Server Edition,1.27.0,92700.000,440.500
llama3.1,llama3.1,cudnn,bfloat16,no_mask,2,2048,2048,64,8,128,128,fwd,False,0.735,374.000,0.000,10,,True,False,,NVIDIA RTX PRO 6000 Blackwell Server Edition,1.27.0,92700.000,440.500
llama3.1,llama3.1,cudnn,bfloat16,no_mask,2,2048,2048,64,8,128,128,bwd,False,2.788,246.000,0.000,10,,True,False,,NVIDIA RTX PRO 6000 Blackwell Server Edition,1.27.0,92700.000,442.000
llama3.1,llama3.1,cudnn,bfloat16,no_mask,2,2048,2048,64,8,128,128,bwd,True,2.960,232.000,0.000,10,,True,False,,NVIDIA RTX PRO 6000 Blackwell Server Edition,1.27.0,92700.000,440.500
llama3.1,llama3.1,cudnn,fp8,top_left,2,2048,2048,64,8,128,128,fwd,False,0.346,397.000,0.000,10,,True,False,,NVIDIA RTX PRO 6000 Blackwell Server Edition,1.27.0,92700.000,880.500
llama3.1,llama3.1,cudnn,fp8,top_left,2,2048,2048,64,8,128,128,bwd,False,inf,0.000,0.000,10,,False,False,Benchmark failed with return code 1.,,,,
llama3.1,llama3.1,cudnn,fp8,top_left,2,2048,2048,64,8,128,128,bwd,True,inf,0.000,0.000,10,,False,False,Benchmark failed with return code 1.,,,,
llama3.1,llama3.1,cudnn,fp8,no_mask,2,2048,2048,64,8,128,128,fwd,False,0.533,515.000,0.000,10,,True,False,,NVIDIA RTX PRO 6000 Blackwell Server Edition,1.27.0,92700.000,880.500
llama3.1,llama3.1,cudnn,fp8,no_mask,2,2048,2048,64,8,128,128,bwd,False,inf,0.000,0.000,10,,False,False,Benchmark failed with return code 1.,,,,
llama3.1,llama3.1,cudnn,fp8,no_mask,2,2048,2048,64,8,128,128,bwd,True,inf,0.000,0.000,10,,False,False,Benchmark failed with return code 1.,,,,
llama3.1,llama3.1,cudnn,mxfp8,top_left,2,2048,2048,64,8,128,128,fwd,False,inf,0.000,0.000,10,,False,False,Benchmark failed with return code 1.,,,,
llama3.1,llama3.1,cudnn,mxfp8,top_left,2,2048,2048,64,8,128,128,bwd,False,inf,0.000,0.000,10,,False,False,Benchmark failed with return code 1.,,,,
llama3.1,llama3.1,cudnn,mxfp8,top_left,2,2048,2048,64,8,128,128,bwd,True,inf,0.000,0.000,10,,False,False,Benchmark failed with return code 1.,,,,
llama3.1,llama3.1,cudnn,mxfp8,no_mask,2,2048,2048,64,8,128,128,fwd,False,inf,0.000,0.000,10,,False,False,Benchmark failed with return code 1.,,,,
llama3.1,llama3.1,cudnn,mxfp8,no_mask,2,2048,2048,64,8,128,128,bwd,False,inf,0.000,0.000,10,,False,False,Benchmark failed with return code 1.,,,,
llama3.1,llama3.1,cudnn,mxfp8,no_mask,2,2048,2048,64,8,128,128,bwd,True,inf,0.000,0.000,10,,False,False,Benchmark failed with return code 1.,,,,
llama3.1,llama3.1,cudnn_oss,bfloat16,top_left,2,32768,32768,64,8,128,128,fwd,False,88.277,399.000,0.000,10,,True,False,,NVIDIA RTX PRO 6000 Blackwell Server Edition,1.27.0,92700.000,449.000
llama3.1,llama3.1,cudnn_oss,bfloat16,top_left,2,32768,32768,64,8,128,128,bwd,False,251.247,350.000,0.000,10,,True,False,,NVIDIA RTX PRO 6000 Blackwell Server Edition,1.27.0,92700.000,466.500
llama3.1,llama3.1,cudnn_oss,bfloat16,top_left,2,32768,32768,64,8,128,128,bwd,True,362.441,243.000,0.000,10,,True,False,,NVIDIA RTX PRO 6000 Blackwell Server Edition,1.27.0,92700.000,466.500
llama3.1,llama3.1,cudnn_oss,bfloat16,no_mask,2,32768,32768,64,8,128,128,fwd,False,173.685,405.000,0.000,10,,True,False,,NVIDIA RTX PRO 6000 Blackwell Server Edition,1.27.0,92700.000,466.500
llama3.1,llama3.1,cudnn_oss,bfloat16,no_mask,2,32768,32768,64,8,128,128,bwd,False,492.100,357.000,0.000,10,,True,False,,NVIDIA RTX PRO 6000 Blackwell Server Edition,1.27.0,92700.000,466.500
llama3.1,llama3.1,cudnn_oss,bfloat16,no_mask,2,32768,32768,64,8,128,128,bwd,True,703.979,250.000,0.000,10,,True,False,,NVIDIA RTX PRO 6000 Blackwell Server Edition,1.27.0,92700.000,466.500
llama3.1,llama3.1,cudnn_oss,fp8,top_left,2,32768,32768,64,8,128,128,fwd,False,inf,0.000,0.000,10,,False,True,UNSUPPORTED_CONFIG: no FROST OSS engine serves this fwd graph (shape/pass/feature not covered),,,,
llama3.1,llama3.1,cudnn_oss,fp8,top_left,2,32768,32768,64,8,128,128,bwd,False,inf,0.000,0.000,10,,False,False,Benchmark failed with return code 1.,,,,
llama3.1,llama3.1,cudnn_oss,fp8,top_left,2,32768,32768,64,8,128,128,bwd,True,inf,0.000,0.000,10,,False,False,Benchmark failed with return code 1.,,,,
llama3.1,llama3.1,cudnn_oss,fp8,no_mask,2,32768,32768,64,8,128,128,fwd,False,inf,0.000,0.000,10,,False,True,UNSUPPORTED_CONFIG: no FROST OSS engine serves this fwd graph (shape/pass/feature not covered),,,,
llama3.1,llama3.1,cudnn_oss,fp8,no_mask,2,32768,32768,64,8,128,128,bwd,False,inf,0.000,0.000,10,,False,False,Benchmark failed with return code 1.,,,,
llama3.1,llama3.1,cudnn_oss,fp8,no_mask,2,32768,32768,64,8,128,128,bwd,True,inf,0.000,0.000,10,,False,False,Benchmark failed with return code 1.,,,,
llama3.1,llama3.1,cudnn_oss,mxfp8,top_left,2,32768,32768,64,8,128,128,fwd,False,inf,0.000,0.000,10,,False,False,Benchmark failed with return code 1.,,,,
llama3.1,llama3.1,cudnn_oss,mxfp8,top_left,2,32768,32768,64,8,128,128,bwd,False,inf,0.000,0.000,10,,False,False,Benchmark failed with return code 1.,,,,
llama3.1,llama3.1,cudnn_oss,mxfp8,top_left,2,32768,32768,64,8,128,128,bwd,True,inf,0.000,0.000,10,,False,False,Benchmark failed with return code 1.,,,,
llama3.1,llama3.1,cudnn_oss,mxfp8,no_mask,2,32768,32768,64,8,128,128,fwd,False,inf,0.000,0.000,10,,False,False,Benchmark failed with return code 1.,,,,
llama3.1,llama3.1,cudnn_oss,mxfp8,no_mask,2,32768,32768,64,8,128,128,bwd,False,inf,0.000,0.000,10,,False,False,Benchmark failed with return code 1.,,,,
llama3.1,llama3.1,cudnn_oss,mxfp8,no_mask,2,32768,32768,64,8,128,128,bwd,True,inf,0.000,0.000,10,,False,False,Benchmark failed with return code 1.,,,,
llama3.1,llama3.1,cudnn_oss,bfloat16,top_left,2,16384,16384,64,8,128,128,fwd,False,21.703,405.000,0.000,10,,True,False,,NVIDIA RTX PRO 6000 Blackwell Server Edition,1.27.0,92700.000,466.500
llama3.1,llama3.1,cudnn_oss,bfloat16,top_left,2,16384,16384,64,8,128,128,bwd,False,64.888,339.000,0.000,10,,True,False,,NVIDIA RTX PRO 6000 Blackwell Server Edition,1.27.0,92700.000,466.500
llama3.1,llama3.1,cudnn_oss,bfloat16,top_left,2,16384,16384,64,8,128,128,bwd,True,94.839,232.000,0.000,10,,True,False,,NVIDIA RTX PRO 6000 Blackwell Server Edition,1.27.0,92700.000,466.500
llama3.1,llama3.1,cudnn_oss,bfloat16,no_mask,2,16384,16384,64,8,128,128,fwd,False,41.952,419.000,0.000,10,,True,False,,NVIDIA RTX PRO 6000 Blackwell Server Edition,1.27.0,92700.000,466.500
llama3.1,llama3.1,cudnn_oss,bfloat16,no_mask,2,16384,16384,64,8,128,128,bwd,False,124.413,354.000,0.000,10,,True,False,,NVIDIA RTX PRO 6000 Blackwell Server Edition,1.27.0,92700.000,466.500
llama3.1,llama3.1,cudnn_oss,bfloat16,no_mask,2,16384,16384,64,8,128,128,bwd,True,178.301,247.000,0.000,10,,True,False,,NVIDIA RTX PRO 6000 Blackwell Server Edition,1.27.0,92700.000,466.500
llama3.1,llama3.1,cudnn_oss,fp8,top_left,2,16384,16384,64,8,128,128,fwd,False,inf,0.000,0.000,10,,False,True,UNSUPPORTED_CONFIG: no FROST OSS engine serves this fwd graph (shape/pass/feature not covered),,,,
llama3.1,llama3.1,cudnn_oss,fp8,top_left,2,16384,16384,64,8,128,128,bwd,False,inf,0.000,0.000,10,,False,False,Benchmark failed with return code 1.,,,,
llama3.1,llama3.1,cudnn_oss,fp8,top_left,2,16384,16384,64,8,128,128,bwd,True,inf,0.000,0.000,10,,False,False,Benchmark failed with return code 1.,,,,
llama3.1,llama3.1,cudnn_oss,fp8,no_mask,2,16384,16384,64,8,128,128,fwd,False,inf,0.000,0.000,10,,False,True,UNSUPPORTED_CONFIG: no FROST OSS engine serves this fwd graph (shape/pass/feature not covered),,,,
llama3.1,llama3.1,cudnn_oss,fp8,no_mask,2,16384,16384,64,8,128,128,bwd,False,inf,0.000,0.000,10,,False,False,Benchmark failed with return code 1.,,,,
llama3.1,llama3.1,cudnn_oss,fp8,no_mask,2,16384,16384,64,8,128,128,bwd,True,inf,0.000,0.000,10,,False,False,Benchmark failed with return code 1.,,,,
llama3.1,llama3.1,cudnn_oss,mxfp8,top_left,2,16384,16384,64,8,128,128,fwd,False,inf,0.000,0.000,10,,False,False,Benchmark failed with return code 1.,,,,
llama3.1,llama3.1,cudnn_oss,mxfp8,top_left,2,16384,16384,64,8,128,128,bwd,False,inf,0.000,0.000,10,,False,False,Benchmark failed with return code 1.,,,,
llama3.1,llama3.1,cudnn_oss,mxfp8,top_left,2,16384,16384,64,8,128,128,bwd,True,inf,0.000,0.000,10,,False,False,Benchmark failed with return code 1.,,,,
llama3.1,llama3.1,cudnn_oss,mxfp8,no_mask,2,16384,16384,64,8,128,128,fwd,False,inf,0.000,0.000,10,,False,False,Benchmark failed with return code 1.,,,,
llama3.1,llama3.1,cudnn_oss,mxfp8,no_mask,2,16384,16384,64,8,128,128,bwd,False,inf,0.000,0.000,10,,False,False,Benchmark failed with return code 1.,,,,
llama3.1,llama3.1,cudnn_oss,mxfp8,no_mask,2,16384,16384,64,8,128,128,bwd,True,inf,0.000,0.000,10,,False,False,Benchmark failed with return code 1.,,,,
llama3.1,llama3.1,cudnn_oss,bfloat16,top_left,2,8192,8192,64,8,128,128,fwd,False,5.449,404.000,0.000,10,,True,False,,NVIDIA RTX PRO 6000 Blackwell Server Edition,1.27.0,92700.000,466.500
llama3.1,llama3.1,cudnn_oss,bfloat16,top_left,2,8192,8192,64,8,128,128,bwd,False,16.898,325.000,0.000,10,,True,False,,NVIDIA RTX PRO 6000 Blackwell Server Edition,1.27.0,92700.000,466.500
llama3.1,llama3.1,cudnn_oss,bfloat16,top_left,2,8192,8192,64,8,128,128,bwd,True,25.199,218.000,0.000,10,,True,False,,NVIDIA RTX PRO 6000 Blackwell Server Edition,1.27.0,92700.000,466.500
llama3.1,llama3.1,cudnn_oss,bfloat16,no_mask,2,8192,8192,64,8,128,128,fwd,False,10.260,429.000,0.000,10,,True,False,,NVIDIA RTX PRO 6000 Blackwell Server Edition,1.27.0,92700.000,440.500
llama3.1,llama3.1,cudnn_oss,bfloat16,no_mask,2,8192,8192,64,8,128,128,bwd,False,31.953,344.000,0.000,10,,True,False,,NVIDIA RTX PRO 6000 Blackwell Server Edition,1.27.0,92700.000,466.500
llama3.1,llama3.1,cudnn_oss,bfloat16,no_mask,2,8192,8192,64,8,128,128,bwd,True,45.851,240.000,0.000,10,,True,False,,NVIDIA RTX PRO 6000 Blackwell Server Edition,1.27.0,92700.000,466.500
llama3.1,llama3.1,cudnn_oss,fp8,top_left,2,8192,8192,64,8,128,128,fwd,False,inf,0.000,0.000,10,,False,True,UNSUPPORTED_CONFIG: no FROST OSS engine serves this fwd graph (shape/pass/feature not covered),,,,
llama3.1,llama3.1,cudnn_oss,fp8,top_left,2,8192,8192,64,8,128,128,bwd,False,inf,0.000,0.000,10,,False,False,Benchmark failed with return code 1.,,,,
llama3.1,llama3.1,cudnn_oss,fp8,top_left,2,8192,8192,64,8,128,128,bwd,True,inf,0.000,0.000,10,,False,False,Benchmark failed with return code 1.,,,,
llama3.1,llama3.1,cudnn_oss,fp8,no_mask,2,8192,8192,64,8,128,128,fwd,False,inf,0.000,0.000,10,,False,True,UNSUPPORTED_CONFIG: no FROST OSS engine serves this fwd graph (shape/pass/feature not covered),,,,
llama3.1,llama3.1,cudnn_oss,fp8,no_mask,2,8192,8192,64,8,128,128,bwd,False,inf,0.000,0.000,10,,False,False,Benchmark failed with return code 1.,,,,
llama3.1,llama3.1,cudnn_oss,fp8,no_mask,2,8192,8192,64,8,128,128,bwd,True,inf,0.000,0.000,10,,False,False,Benchmark failed with return code 1.,,,,
llama3.1,llama3.1,cudnn_oss,mxfp8,top_left,2,8192,8192,64,8,128,128,fwd,False,inf,0.000,0.000,10,,False,False,Benchmark failed with return code 1.,,,,
llama3.1,llama3.1,cudnn_oss,mxfp8,top_left,2,8192,8192,64,8,128,128,bwd,False,inf,0.000,0.000,10,,False,False,Benchmark failed with return code 1.,,,,
llama3.1,llama3.1,cudnn_oss,mxfp8,top_left,2,8192,8192,64,8,128,128,bwd,True,inf,0.000,0.000,10,,False,False,Benchmark failed with return code 1.,,,,
llama3.1,llama3.1,cudnn_oss,mxfp8,no_mask,2,8192,8192,64,8,128,128,fwd,False,inf,0.000,0.000,10,,False,False,Benchmark failed with return code 1.,,,,
llama3.1,llama3.1,cudnn_oss,mxfp8,no_mask,2,8192,8192,64,8,128,128,bwd,False,inf,0.000,0.000,10,,False,False,Benchmark failed with return code 1.,,,,
llama3.1,llama3.1,cudnn_oss,mxfp8,no_mask,2,8192,8192,64,8,128,128,bwd,True,inf,0.000,0.000,10,,False,False,Benchmark failed with return code 1.,,,,
llama3.1,llama3.1,cudnn_oss,bfloat16,top_left,2,4096,4096,64,8,128,128,fwd,False,1.488,370.000,0.000,10,,True,False,,NVIDIA RTX PRO 6000 Blackwell Server Edition,1.27.0,92700.000,440.500
llama3.1,llama3.1,cudnn_oss,bfloat16,top_left,2,4096,4096,64,8,128,128,bwd,False,4.913,280.000,0.000,10,,True,False,,NVIDIA RTX PRO 6000 Blackwell Server Edition,1.27.0,92700.000,440.500
llama3.1,llama3.1,cudnn_oss,bfloat16,top_left,2,4096,4096,64,8,128,128,bwd,True,7.538,182.000,0.000,10,,True,False,,NVIDIA RTX PRO 6000 Blackwell Server Edition,1.27.0,92700.000,444.500
llama3.1,llama3.1,cudnn_oss,bfloat16,no_mask,2,4096,4096,64,8,128,128,fwd,False,2.643,416.000,0.000,10,,True,False,,NVIDIA RTX PRO 6000 Blackwell Server Edition,1.27.0,92700.000,440.500
llama3.1,llama3.1,cudnn_oss,bfloat16,no_mask,2,4096,4096,64,8,128,128,bwd,False,8.301,331.000,0.000,10,,True,False,,NVIDIA RTX PRO 6000 Blackwell Server Edition,1.27.0,92700.000,465.000
llama3.1,llama3.1,cudnn_oss,bfloat16,no_mask,2,4096,4096,64,8,128,128,bwd,True,12.262,224.000,0.000,10,,True,False,,NVIDIA RTX PRO 6000 Blackwell Server Edition,1.27.0,92700.000,466.500
llama3.1,llama3.1,cudnn_oss,fp8,top_left,2,4096,4096,64,8,128,128,fwd,False,inf,0.000,0.000,10,,False,True,UNSUPPORTED_CONFIG: no FROST OSS engine serves this fwd graph (shape/pass/feature not covered),,,,
llama3.1,llama3.1,cudnn_oss,fp8,top_left,2,4096,4096,64,8,128,128,bwd,False,inf,0.000,0.000,10,,False,False,Benchmark failed with return code 1.,,,,
llama3.1,llama3.1,cudnn_oss,fp8,top_left,2,4096,4096,64,8,128,128,bwd,True,inf,0.000,0.000,10,,False,False,Benchmark failed with return code 1.,,,,
llama3.1,llama3.1,cudnn_oss,fp8,no_mask,2,4096,4096,64,8,128,128,fwd,False,inf,0.000,0.000,10,,False,True,UNSUPPORTED_CONFIG: no FROST OSS engine serves this fwd graph (shape/pass/feature not covered),,,,
llama3.1,llama3.1,cudnn_oss,fp8,no_mask,2,4096,4096,64,8,128,128,bwd,False,inf,0.000,0.000,10,,False,False,Benchmark failed with return code 1.,,,,
llama3.1,llama3.1,cudnn_oss,fp8,no_mask,2,4096,4096,64,8,128,128,bwd,True,inf,0.000,0.000,10,,False,False,Benchmark failed with return code 1.,,,,
llama3.1,llama3.1,cudnn_oss,mxfp8,top_left,2,4096,4096,64,8,128,128,fwd,False,inf,0.000,0.000,10,,False,False,Benchmark failed with return code 1.,,,,
llama3.1,llama3.1,cudnn_oss,mxfp8,top_left,2,4096,4096,64,8,128,128,bwd,False,inf,0.000,0.000,10,,False,False,Benchmark failed with return code 1.,,,,
llama3.1,llama3.1,cudnn_oss,mxfp8,top_left,2,4096,4096,64,8,128,128,bwd,True,inf,0.000,0.000,10,,False,False,Benchmark failed with return code 1.,,,,
llama3.1,llama3.1,cudnn_oss,mxfp8,no_mask,2,4096,4096,64,8,128,128,fwd,False,inf,0.000,0.000,10,,False,False,Benchmark failed with return code 1.,,,,
llama3.1,llama3.1,cudnn_oss,mxfp8,no_mask,2,4096,4096,64,8,128,128,bwd,False,inf,0.000,0.000,10,,False,False,Benchmark failed with return code 1.,,,,
llama3.1,llama3.1,cudnn_oss,mxfp8,no_mask,2,4096,4096,64,8,128,128,bwd,True,inf,0.000,0.000,10,,False,False,Benchmark failed with return code 1.,,,,
llama3.1,llama3.1,cudnn_oss,bfloat16,top_left,2,2048,2048,64,8,128,128,fwd,False,0.470,293.000,0.000,10,,True,False,,NVIDIA RTX PRO 6000 Blackwell Server Edition,1.27.0,92700.000,440.500
llama3.1,llama3.1,cudnn_oss,bfloat16,top_left,2,2048,2048,64,8,128,128,bwd,False,1.604,214.000,0.000,10,,True,False,,NVIDIA RTX PRO 6000 Blackwell Server Edition,1.27.0,92700.000,442.000
llama3.1,llama3.1,cudnn_oss,bfloat16,top_left,2,2048,2048,64,8,128,128,bwd,True,2.384,144.000,0.000,10,,True,False,,NVIDIA RTX PRO 6000 Blackwell Server Edition,1.27.0,92700.000,440.500
llama3.1,llama3.1,cudnn_oss,bfloat16,no_mask,2,2048,2048,64,8,128,128,fwd,False,0.716,384.000,0.000,10,,True,False,,NVIDIA RTX PRO 6000 Blackwell Server Edition,1.27.0,92700.000,440.500
llama3.1,llama3.1,cudnn_oss,bfloat16,no_mask,2,2048,2048,64,8,128,128,bwd,False,2.423,284.000,0.000,10,,True,False,,NVIDIA RTX PRO 6000 Blackwell Server Edition,1.27.0,92700.000,440.500
llama3.1,llama3.1,cudnn_oss,bfloat16,no_mask,2,2048,2048,64,8,128,128,bwd,True,3.609,190.000,0.000,10,,True,False,,NVIDIA RTX PRO 6000 Blackwell Server Edition,1.27.0,92700.000,440.500
llama3.1,llama3.1,cudnn_oss,fp8,top_left,2,2048,2048,64,8,128,128,fwd,False,inf,0.000,0.000,10,,False,True,UNSUPPORTED_CONFIG: no FROST OSS engine serves this fwd graph (shape/pass/feature not covered),,,,
llama3.1,llama3.1,cudnn_oss,fp8,top_left,2,2048,2048,64,8,128,128,bwd,False,inf,0.000,0.000,10,,False,False,Benchmark failed with return code 1.,,,,
llama3.1,llama3.1,cudnn_oss,fp8,top_left,2,2048,2048,64,8,128,128,bwd,True,inf,0.000,0.000,10,,False,False,Benchmark failed with return code 1.,,,,
llama3.1,llama3.1,cudnn_oss,fp8,no_mask,2,2048,2048,64,8,128,128,fwd,False,inf,0.000,0.000,10,,False,True,UNSUPPORTED_CONFIG: no FROST OSS engine serves this fwd graph (shape/pass/feature not covered),,,,
llama3.1,llama3.1,cudnn_oss,fp8,no_mask,2,2048,2048,64,8,128,128,bwd,False,inf,0.000,0.000,10,,False,False,Benchmark failed with return code 1.,,,,
llama3.1,llama3.1,cudnn_oss,fp8,no_mask,2,2048,2048,64,8,128,128,bwd,True,inf,0.000,0.000,10,,False,False,Benchmark failed with return code 1.,,,,
llama3.1,llama3.1,cudnn_oss,mxfp8,top_left,2,2048,2048,64,8,128,128,fwd,False,inf,0.000,0.000,10,,False,False,Benchmark failed with return code 1.,,,,
llama3.1,llama3.1,cudnn_oss,mxfp8,top_left,2,2048,2048,64,8,128,128,bwd,False,inf,0.000,0.000,10,,False,False,Benchmark failed with return code 1.,,,,
llama3.1,llama3.1,cudnn_oss,mxfp8,top_left,2,2048,2048,64,8,128,128,bwd,True,inf,0.000,0.000,10,,False,False,Benchmark failed with return code 1.,,,,
llama3.1,llama3.1,cudnn_oss,mxfp8,no_mask,2,2048,2048,64,8,128,128,fwd,False,inf,0.000,0.000,10,,False,False,Benchmark failed with return code 1.,,,,
llama3.1,llama3.1,cudnn_oss,mxfp8,no_mask,2,2048,2048,64,8,128,128,bwd,False,inf,0.000,0.000,10,,False,False,Benchmark failed with return code 1.,,,,
llama3.1,llama3.1,cudnn_oss,mxfp8,no_mask,2,2048,2048,64,8,128,128,bwd,True,inf,0.000,0.000,10,,False,False,Benchmark failed with return code 1.,,,,
llama3.1,llama3.1,flash_attention_4,bfloat16,top_left,2,32768,32768,64,8,128,128,fwd,False,103.978,338.000,0.000,10,,True,False,,NVIDIA RTX PRO 6000 Blackwell Server Edition,,,466.500
llama3.1,llama3.1,flash_attention_4,bfloat16,top_left,2,32768,32768,64,8,128,128,bwd,False,295.470,298.000,0.000,10,,True,False,,NVIDIA RTX PRO 6000 Blackwell Server Edition,,,465.000
llama3.1,llama3.1,flash_attention_4,bfloat16,top_left,2,32768,32768,64,8,128,128,bwd,True,inf,0.000,0.000,10,,False,False,Benchmark failed with return code 1.,,,,
llama3.1,llama3.1,flash_attention_4,bfloat16,no_mask,2,32768,32768,64,8,128,128,fwd,False,186.876,377.000,0.000,10,,True,False,,NVIDIA RTX PRO 6000 Blackwell Server Edition,,,453.500
llama3.1,llama3.1,flash_attention_4,bfloat16,no_mask,2,32768,32768,64,8,128,128,bwd,False,608.385,289.000,0.000,10,,True,False,,NVIDIA RTX PRO 6000 Blackwell Server Edition,,,466.500
llama3.1,llama3.1,flash_attention_4,bfloat16,no_mask,2,32768,32768,64,8,128,128,bwd,True,inf,0.000,0.000,10,,False,False,Benchmark failed with return code 1.,,,,
llama3.1,llama3.1,flash_attention_4,bfloat16,top_left,2,16384,16384,64,8,128,128,fwd,False,25.870,340.000,0.000,10,,True,False,,NVIDIA RTX PRO 6000 Blackwell Server Edition,,,466.500
llama3.1,llama3.1,flash_attention_4,bfloat16,top_left,2,16384,16384,64,8,128,128,bwd,False,74.609,295.000,0.000,10,,True,False,,NVIDIA RTX PRO 6000 Blackwell Server Edition,,,466.500
llama3.1,llama3.1,flash_attention_4,bfloat16,top_left,2,16384,16384,64,8,128,128,bwd,True,inf,0.000,0.000,10,,False,False,Benchmark failed with return code 1.,,,,
llama3.1,llama3.1,flash_attention_4,bfloat16,no_mask,2,16384,16384,64,8,128,128,fwd,False,46.455,379.000,0.000,10,,True,False,,NVIDIA RTX PRO 6000 Blackwell Server Edition,,,457.500
llama3.1,llama3.1,flash_attention_4,bfloat16,no_mask,2,16384,16384,64,8,128,128,bwd,False,152.018,289.000,0.000,10,,True,False,,NVIDIA RTX PRO 6000 Blackwell Server Edition,,,466.500
llama3.1,llama3.1,flash_attention_4,bfloat16,no_mask,2,16384,16384,64,8,128,128,bwd,True,inf,0.000,0.000,10,,False,False,Benchmark failed with return code 1.,,,,
llama3.1,llama3.1,flash_attention_4,bfloat16,top_left,2,8192,8192,64,8,128,128,fwd,False,6.650,331.000,0.000,10,,True,False,,NVIDIA RTX PRO 6000 Blackwell Server Edition,,,439.000
llama3.1,llama3.1,flash_attention_4,bfloat16,top_left,2,8192,8192,64,8,128,128,bwd,False,19.194,286.000,0.000,10,,True,False,,NVIDIA RTX PRO 6000 Blackwell Server Edition,,,442.000
llama3.1,llama3.1,flash_attention_4,bfloat16,top_left,2,8192,8192,64,8,128,128,bwd,True,inf,0.000,0.000,10,,False,False,Benchmark failed with return code 1.,,,,
llama3.1,llama3.1,flash_attention_4,bfloat16,no_mask,2,8192,8192,64,8,128,128,fwd,False,11.352,387.000,0.000,10,,True,False,,NVIDIA RTX PRO 6000 Blackwell Server Edition,,,439.000
llama3.1,llama3.1,flash_attention_4,bfloat16,no_mask,2,8192,8192,64,8,128,128,bwd,False,38.186,288.000,0.000,10,,True,False,,NVIDIA RTX PRO 6000 Blackwell Server Edition,,,466.500
llama3.1,llama3.1,flash_attention_4,bfloat16,no_mask,2,8192,8192,64,8,128,128,bwd,True,inf,0.000,0.000,10,,False,False,Benchmark failed with return code 1.,,,,
llama3.1,llama3.1,flash_attention_4,bfloat16,top_left,2,4096,4096,64,8,128,128,fwd,False,1.918,287.000,0.000,10,,True,False,,NVIDIA RTX PRO 6000 Blackwell Server Edition,,,439.000
llama3.1,llama3.1,flash_attention_4,bfloat16,top_left,2,4096,4096,64,8,128,128,bwd,False,5.219,263.000,0.000,10,,True,False,,NVIDIA RTX PRO 6000 Blackwell Server Edition,,,439.000
llama3.1,llama3.1,flash_attention_4,bfloat16,top_left,2,4096,4096,64,8,128,128,bwd,True,inf,0.000,0.000,10,,False,False,Benchmark failed with return code 1.,,,,
llama3.1,llama3.1,flash_attention_4,bfloat16,no_mask,2,4096,4096,64,8,128,128,fwd,False,3.128,351.000,0.000,10,,True,False,,NVIDIA RTX PRO 6000 Blackwell Server Edition,,,439.000
llama3.1,llama3.1,flash_attention_4,bfloat16,no_mask,2,4096,4096,64,8,128,128,bwd,False,9.911,277.000,0.000,10,,True,False,,NVIDIA RTX PRO 6000 Blackwell Server Edition,,,440.500
llama3.1,llama3.1,flash_attention_4,bfloat16,no_mask,2,4096,4096,64,8,128,128,bwd,True,inf,0.000,0.000,10,,False,False,Benchmark failed with return code 1.,,,,
llama3.1,llama3.1,flash_attention_4,bfloat16,top_left,2,2048,2048,64,8,128,128,fwd,False,0.545,253.000,0.000,10,,True,False,,NVIDIA RTX PRO 6000 Blackwell Server Edition,,,439.000
llama3.1,llama3.1,flash_attention_4,bfloat16,top_left,2,2048,2048,64,8,128,128,bwd,False,1.637,210.000,0.000,10,,True,False,,NVIDIA RTX PRO 6000 Blackwell Server Edition,,,439.000
llama3.1,llama3.1,flash_attention_4,bfloat16,top_left,2,2048,2048,64,8,128,128,bwd,True,inf,0.000,0.000,10,,False,False,Benchmark failed with return code 1.,,,,
llama3.1,llama3.1,flash_attention_4,bfloat16,no_mask,2,2048,2048,64,8,128,128,fwd,False,0.841,327.000,0.000,10,,True,False,,NVIDIA RTX PRO 6000 Blackwell Server Edition,,,439.000
llama3.1,llama3.1,flash_attention_4,bfloat16,no_mask,2,2048,2048,64,8,128,128,bwd,False,2.847,241.000,0.000,10,,True,False,,NVIDIA RTX PRO 6000 Blackwell Server Edition,,,439.000
llama3.1,llama3.1,flash_attention_4,bfloat16,no_mask,2,2048,2048,64,8,128,128,bwd,True,inf,0.000,0.000,10,,False,False,Benchmark failed with return code 1.,,,,
